[{"model": "ninetofiver.company", "pk": 1, "fields": {"polymorphic_ctype": ["ninetofiver", "company"], "created_at": "2017-09-05T19:07:50.751Z", "updated_at": "2017-09-05T19:07:50.751Z", "vat_identification_number": "BEXXX", "name": "Com Dot Com", "address": "DevOps City", "country": "FR", "internal": true}}, {"model": "ninetofiver.company", "pk": 2, "fields": {"polymorphic_ctype": ["ninetofiver", "company"], "created_at": "2017-09-05T19:15:40.542Z", "updated_at": "2017-09-05T19:15:40.542Z", "vat_identification_number": "BEXXXY", "name": "Zero Ci", "address": "0ci", "country": "FR", "internal": false}}, {"model": "ninetofiver.company", "pk": 3, "fields": {"polymorphic_ctype": ["ninetofiver", "company"], "created_at": "2017-09-05T19:16:11.693Z", "updated_at": "2017-09-05T19:16:11.693Z", "vat_identification_number": "AL88", "name": "ALWAYS UP!", "address": "Uppy uppy", "country": "LV", "internal": false}}, {"model": "ninetofiver.company", "pk": 4, "fields": {"polymorphic_ctype": ["ninetofiver", "company"], "created_at": "2017-09-05T19:17:00.868Z", "updated_at": "2017-09-05T19:17:00.868Z", "vat_identification_number": "AWE99", "name": "Awesome Company", "address": "NO IDEA", "country": "GE", "internal": false}}, {"model": "ninetofiver.company", "pk": 5, "fields": {"polymorphic_ctype": ["ninetofiver", "company"], "created_at": "2017-09-05T19:17:42.326Z", "updated_at": "2017-09-05T19:17:42.326Z", "vat_identification_number": "BE00", "name": "ONEMORE", "address": "1 more 1 more\r\nyeah\r\nyeah", "country": "BE", "internal": false}}, {"model": "ninetofiver.workschedule", "pk": 1, "fields": {"polymorphic_ctype": ["ninetofiver", "workschedule"], "created_at": "2017-09-05T19:26:41.223Z", "updated_at": "2017-09-05T19:26:48.111Z", "label": "ONE FIFTH NO FRIDAY", "monday": "8.00", "tuesday": "8.00", "wednesday": "8.00", "thursday": "8.00", "friday": "0.00", "saturday": "0.00", "sunday": "0.00"}}, {"model": "ninetofiver.employmentcontracttype", "pk": 1, "fields": {"polymorphic_ctype": ["ninetofiver", "employmentcontracttype"], "created_at": "2017-09-05T19:29:44.061Z", "updated_at": "2017-09-05T19:29:44.061Z", "label": "almost full"}}, {"model": "ninetofiver.employmentcontract", "pk": 1, "fields": {"polymorphic_ctype": ["ninetofiver", "employmentcontract"], "created_at": "2017-09-05T19:29:55.352Z", "updated_at": "2017-09-05T19:29:55.352Z", "user": ["user"], "company": 1, "employment_contract_type": 1, "work_schedule": 1, "started_at": "2017-07-09", "ended_at": null}}, {"model": "ninetofiver.userinfo", "pk": 1, "fields": {"polymorphic_ctype": ["ninetofiver", "userinfo"], "created_at": "2017-09-05T19:25:37.281Z", "updated_at": "2017-09-05T19:26:11.485Z", "user": ["user"], "birth_date": "1996-09-15", "gender": "m", "country": "BE", "redmine_id": "None"}}, {"model": "ninetofiver.timesheet", "pk": 1, "fields": {"polymorphic_ctype": ["ninetofiver", "timesheet"], "created_at": "2017-09-05T19:06:53.881Z", "updated_at": "2017-09-05T19:06:53.881Z", "user": ["user"], "month": 8, "year": 2017, "status": "ACTIVE"}}, {"model": "ninetofiver.timesheet", "pk": 2, "fields": {"polymorphic_ctype": ["ninetofiver", "timesheet"], "created_at": "2017-09-05T19:24:35.848Z", "updated_at": "2017-09-05T19:24:35.848Z", "user": ["user"], "month": 9, "year": 2017, "status": "ACTIVE"}}, {"model": "ninetofiver.holiday", "pk": 1, "fields": {"polymorphic_ctype": ["ninetofiver", "holiday"], "created_at": "2017-09-05T19:28:38.078Z", "updated_at": "2017-09-05T19:28:38.078Z", "name": "Thirtheen day off", "date": "2017-09-13", "country": "BE"}}, {"model": "ninetofiver.leavetype", "pk": 1, "fields": {"polymorphic_ctype": ["ninetofiver", "leavetype"], "created_at": "2017-09-05T19:22:32.253Z", "updated_at": "2017-09-05T19:22:32.253Z", "label": "NORMAL", "description": ""}}, {"model": "ninetofiver.leavetype", "pk": 2, "fields": {"polymorphic_ctype": ["ninetofiver", "leavetype"], "created_at": "2017-09-05T19:22:45.362Z", "updated_at": "2017-09-05T19:22:45.362Z", "label": "NOT PAID", "description": ""}}, {"model": "ninetofiver.leavetype", "pk": 3, "fields": {"polymorphic_ctype": ["ninetofiver", "leavetype"], "created_at": "2017-09-05T19:23:02.379Z", "updated_at": "2017-09-05T19:23:02.380Z", "label": "sick :(", "description": ""}}, {"model": "ninetofiver.leave", "pk": 1, "fields": {"polymorphic_ctype": ["ninetofiver", "leave"], "created_at": "2017-09-05T19:24:38.157Z", "updated_at": "2017-09-05T19:24:38.157Z", "user": ["user"], "leave_type": 1, "description": "", "status": "APPROVED", "attachments": []}}, {"model": "ninetofiver.leavedate", "pk": 1, "fields": {"polymorphic_ctype": ["ninetofiver", "leavedate"], "created_at": "2017-09-05T19:24:38.159Z", "updated_at": "2017-09-05T19:24:38.159Z", "leave": 1, "timesheet": 2, "starts_at": "2017-09-05T06:00:00Z", "ends_at": "2017-09-05T14:00:00Z"}}, {"model": "ninetofiver.performancetype", "pk": 1, "fields": {"polymorphic_ctype": ["ninetofiver", "performancetype"], "created_at": "2017-09-05T19:18:58.789Z", "updated_at": "2017-09-05T19:18:58.789Z", "label": "normal", "description": "", "multiplier": "1.00"}}, {"model": "ninetofiver.performancetype", "pk": 2, "fields": {"polymorphic_ctype": ["ninetofiver", "performancetype"], "created_at": "2017-09-05T19:19:10.246Z", "updated_at": "2017-09-05T19:19:10.246Z", "label": "middle", "description": "", "multiplier": "1.50"}}, {"model": "ninetofiver.performancetype", "pk": 3, "fields": {"polymorphic_ctype": ["ninetofiver", "performancetype"], "created_at": "2017-09-05T19:19:16.975Z", "updated_at": "2017-09-05T19:32:23.001Z", "label": "hard work", "description": "", "multiplier": "3.00"}}, {"model": "ninetofiver.contract", "pk": 1, "fields": {"polymorphic_ctype": ["ninetofiver", "projectcontract"], "created_at": "2017-09-05T19:19:46.668Z", "updated_at": "2017-09-05T19:19:46.668Z", "label": "Webby", "description": "", "customer": 4, "company": 1, "active": true, "redmine_id": "None", "performance_types": [1, 2, 3], "contract_groups": [], "attachments": []}}, {"model": "ninetofiver.contract", "pk": 2, "fields": {"polymorphic_ctype": ["ninetofiver", "supportcontract"], "created_at": "2017-09-05T19:20:42.630Z", "updated_at": "2017-09-05T19:20:42.630Z", "label": "keep it up!!", "description": "KIU", "customer": 5, "company": 1, "active": true, "redmine_id": "None", "performance_types": [1, 2, 3], "contract_groups": [], "attachments": []}}, {"model": "ninetofiver.contract", "pk": 3, "fields": {"polymorphic_ctype": ["ninetofiver", "consultancycontract"], "created_at": "2017-09-05T19:21:45.684Z", "updated_at": "2017-09-05T19:21:45.684Z", "label": "Consult", "description": "", "customer": 2, "company": 1, "active": true, "redmine_id": "", "performance_types": [1, 2, 3], "contract_groups": [], "attachments": []}}, {"model": "ninetofiver.projectcontract", "pk": 1, "fields": {"fixed_fee": "5000.00", "starts_at": "2017-09-03", "ends_at": "2017-09-21", "performance_types": [1, 2, 3], "contract_groups": [], "attachments": []}}, {"model": "ninetofiver.consultancycontract", "pk": 3, "fields": {"starts_at": "2015-09-05", "ends_at": null, "duration": null, "day_rate": "300.00", "performance_types": [1, 2, 3], "contract_groups": [], "attachments": []}}, {"model": "ninetofiver.supportcontract", "pk": 2, "fields": {"day_rate": "200.00", "fixed_fee": "300.00", "fixed_fee_period": "MONTHLY", "starts_at": "2017-06-04", "ends_at": null, "performance_types": [1, 2, 3], "contract_groups": [], "attachments": []}}, {"model": "ninetofiver.contractrole", "pk": 1, "fields": {"polymorphic_ctype": ["ninetofiver", "contractrole"], "created_at": "2017-09-05T19:19:43.082Z", "updated_at": "2017-09-05T19:19:43.082Z", "label": "dev", "description": ""}}, {"model": "ninetofiver.contractuser", "pk": 1, "fields": {"polymorphic_ctype": ["ninetofiver", "contractuser"], "created_at": "2017-09-05T19:19:46.676Z", "updated_at": "2017-09-05T19:19:46.676Z", "user": ["user"], "contract": 1, "contract_role": 1}}, {"model": "ninetofiver.contractuser", "pk": 2, "fields": {"polymorphic_ctype": ["ninetofiver", "contractuser"], "created_at": "2017-09-05T19:20:42.635Z", "updated_at": "2017-09-05T19:20:42.635Z", "user": ["user"], "contract": 2, "contract_role": 1}}, {"model": "ninetofiver.contractuser", "pk": 3, "fields": {"polymorphic_ctype": ["ninetofiver", "contractuser"], "created_at": "2017-09-05T19:21:45.690Z", "updated_at": "2017-09-05T19:21:45.690Z", "user": ["user"], "contract": 3, "contract_role": 1}}, {"model": "ninetofiver.performance", "pk": 1, "fields": {"polymorphic_ctype": ["ninetofiver", "activityperformance"], "created_at": "2017-09-05T19:32:24.925Z", "updated_at": "2017-09-05T19:32:24.925Z", "timesheet": 2, "day": 4, "redmine_id": null, "contract": 3}}, {"model": "ninetofiver.performance", "pk": 2, "fields": {"polymorphic_ctype": ["ninetofiver", "activityperformance"], "created_at": "2017-09-05T19:32:32.303Z", "updated_at": "2017-09-05T19:32:32.303Z", "timesheet": 2, "day": 6, "redmine_id": null, "contract": 3}}, {"model": "ninetofiver.performance", "pk": 3, "fields": {"polymorphic_ctype": ["ninetofiver", "activityperformance"], "created_at": "2017-09-05T19:32:38.229Z", "updated_at": "2017-09-05T19:32:38.229Z", "timesheet": 2, "day": 7, "redmine_id": null, "contract": 3}}, {"model": "ninetofiver.performance", "pk": 4, "fields": {"polymorphic_ctype": ["ninetofiver", "activityperformance"], "created_at": "2017-09-05T19:32:52.662Z", "updated_at": "2017-09-05T19:32:52.662Z", "timesheet": 2, "day": 10, "redmine_id": null, "contract": 1}}, {"model": "ninetofiver.performance", "pk": 5, "fields": {"polymorphic_ctype": ["ninetofiver", "activityperformance"], "created_at": "2017-09-05T19:33:12.120Z", "updated_at": "2017-09-05T19:33:12.120Z", "timesheet": 2, "day": 11, "redmine_id": null, "contract": 1}}, {"model": "ninetofiver.performance", "pk": 6, "fields": {"polymorphic_ctype": ["ninetofiver", "activityperformance"], "created_at": "2017-09-05T19:33:24.012Z", "updated_at": "2017-09-05T19:33:24.012Z", "timesheet": 2, "day": 12, "redmine_id": null, "contract": 1}}, {"model": "ninetofiver.performance", "pk": 7, "fields": {"polymorphic_ctype": ["ninetofiver", "activityperformance"], "created_at": "2017-09-05T19:34:12.887Z", "updated_at": "2017-09-05T19:34:12.887Z", "timesheet": 2, "day": 12, "redmine_id": null, "contract": 2}}, {"model": "ninetofiver.performance", "pk": 8, "fields": {"polymorphic_ctype": ["ninetofiver", "activityperformance"], "created_at": "2017-09-05T19:34:23.758Z", "updated_at": "2017-09-05T19:34:23.758Z", "timesheet": 2, "day": 14, "redmine_id": null, "contract": 1}}, {"model": "ninetofiver.performance", "pk": 9, "fields": {"polymorphic_ctype": ["ninetofiver", "activityperformance"], "created_at": "2017-09-05T19:34:36.575Z", "updated_at": "2017-09-05T19:34:36.575Z", "timesheet": 2, "day": 28, "redmine_id": null, "contract": 1}}, {"model": "ninetofiver.performance", "pk": 10, "fields": {"polymorphic_ctype": ["ninetofiver", "activityperformance"], "created_at": "2017-09-05T19:34:41.233Z", "updated_at": "2017-09-05T19:34:41.233Z", "timesheet": 2, "day": 27, "redmine_id": null, "contract": 1}}, {"model": "ninetofiver.performance", "pk": 11, "fields": {"polymorphic_ctype": ["ninetofiver", "activityperformance"], "created_at": "2017-09-05T19:34:45.519Z", "updated_at": "2017-09-05T19:34:45.519Z", "timesheet": 2, "day": 25, "redmine_id": null, "contract": 1}}, {"model": "ninetofiver.performance", "pk": 12, "fields": {"polymorphic_ctype": ["ninetofiver", "activityperformance"], "created_at": "2017-09-05T19:35:07.421Z", "updated_at": "2017-09-05T19:35:07.421Z", "timesheet": 2, "day": 25, "redmine_id": null, "contract": 3}}, {"model": "ninetofiver.performance", "pk": 14, "fields": {"polymorphic_ctype": ["ninetofiver", "activityperformance"], "created_at": "2017-09-05T19:35:15.631Z", "updated_at": "2017-09-05T19:35:15.632Z", "timesheet": 2, "day": 26, "redmine_id": null, "contract": 3}}, {"model": "ninetofiver.performance", "pk": 15, "fields": {"polymorphic_ctype": ["ninetofiver", "activityperformance"], "created_at": "2017-09-05T19:35:31.026Z", "updated_at": "2017-09-05T19:35:31.026Z", "timesheet": 2, "day": 25, "redmine_id": null, "contract": 3}}, {"model": "ninetofiver.performance", "pk": 16, "fields": {"polymorphic_ctype": ["ninetofiver", "activityperformance"], "created_at": "2017-09-05T19:35:37.836Z", "updated_at": "2017-09-05T19:35:37.836Z", "timesheet": 2, "day": 21, "redmine_id": null, "contract": 3}}, {"model": "ninetofiver.performance", "pk": 17, "fields": {"polymorphic_ctype": ["ninetofiver", "activityperformance"], "created_at": "2017-09-05T19:35:41.955Z", "updated_at": "2017-09-05T19:35:41.955Z", "timesheet": 2, "day": 20, "redmine_id": null, "contract": 3}}, {"model": "ninetofiver.performance", "pk": 18, "fields": {"polymorphic_ctype": ["ninetofiver", "activityperformance"], "created_at": "2017-09-05T19:35:46.129Z", "updated_at": "2017-09-05T19:35:46.129Z", "timesheet": 2, "day": 17, "redmine_id": null, "contract": 3}}, {"model": "ninetofiver.performance", "pk": 19, "fields": {"polymorphic_ctype": ["ninetofiver", "activityperformance"], "created_at": "2017-09-05T19:35:53.626Z", "updated_at": "2017-09-05T19:35:53.626Z", "timesheet": 2, "day": 18, "redmine_id": null, "contract": 3}}, {"model": "ninetofiver.performance", "pk": 20, "fields": {"polymorphic_ctype": ["ninetofiver", "activityperformance"], "created_at": "2017-09-05T19:35:56.643Z", "updated_at": "2017-09-05T19:35:56.643Z", "timesheet": 2, "day": 19, "redmine_id": null, "contract": 3}}, {"model": "ninetofiver.performance", "pk": 21, "fields": {"polymorphic_ctype": ["ninetofiver", "activityperformance"], "created_at": "2017-09-05T19:37:15.772Z", "updated_at": "2017-09-05T19:37:15.772Z", "timesheet": 2, "day": 27, "redmine_id": null, "contract": 3}}, {"model": "ninetofiver.activityperformance", "pk": 1, "fields": {"performance_type": 1, "contract_role": null, "description": "", "duration": "8.00"}}, {"model": "ninetofiver.activityperformance", "pk": 2, "fields": {"performance_type": 1, "contract_role": null, "description": "", "duration": "8.00"}}, {"model": "ninetofiver.activityperformance", "pk": 3, "fields": {"performance_type": 1, "contract_role": null, "description": "", "duration": "8.00"}}, {"model": "ninetofiver.activityperformance", "pk": 4, "fields": {"performance_type": 1, "contract_role": null, "description": "", "duration": "8.00"}}, {"model": "ninetofiver.activityperformance", "pk": 5, "fields": {"performance_type": 1, "contract_role": null, "description": "", "duration": "8.00"}}, {"model": "ninetofiver.activityperformance", "pk": 6, "fields": {"performance_type": 1, "contract_role": null, "description": "", "duration": "8.00"}}, {"model": "ninetofiver.activityperformance", "pk": 7, "fields": {"performance_type": 1, "contract_role": null, "description": "", "duration": "8.00"}}, {"model": "ninetofiver.activityperformance", "pk": 8, "fields": {"performance_type": 1, "contract_role": null, "description": "", "duration": "8.00"}}, {"model": "ninetofiver.activityperformance", "pk": 9, "fields": {"performance_type": 1, "contract_role": null, "description": "", "duration": "8.00"}}, {"model": "ninetofiver.activityperformance", "pk": 10, "fields": {"performance_type": 1, "contract_role": null, "description": "", "duration": "4.00"}}, {"model": "ninetofiver.activityperformance", "pk": 11, "fields": {"performance_type": 1, "contract_role": null, "description": "", "duration": "4.00"}}, {"model": "ninetofiver.activityperformance", "pk": 12, "fields": {"performance_type": 1, "contract_role": null, "description": "", "duration": "4.00"}}, {"model": "ninetofiver.activityperformance", "pk": 14, "fields": {"performance_type": 1, "contract_role": null, "description": "", "duration": "4.00"}}, {"model": "ninetofiver.activityperformance", "pk": 15, "fields": {"performance_type": 1, "contract_role": null, "description": "", "duration": "12.00"}}, {"model": "ninetofiver.activityperformance", "pk": 16, "fields": {"performance_type": 1, "contract_role": null, "description": "", "duration": "3.00"}}, {"model": "ninetofiver.activityperformance", "pk": 17, "fields": {"performance_type": 1, "contract_role": null, "description": "", "duration": "8.00"}}, {"model": "ninetofiver.activityperformance", "pk": 18, "fields": {"performance_type": 1, "contract_role": null, "description": "", "duration": "8.00"}}, {"model": "ninetofiver.activityperformance", "pk": 19, "fields": {"performance_type": 1, "contract_role": null, "description": "", "duration": "8.00"}}, {"model": "ninetofiver.activityperformance", "pk": 20, "fields": {"performance_type": 1, "contract_role": null, "description": "", "duration": "8.00"}}, {"model": "ninetofiver.activityperformance", "pk": 21, "fields": {"performance_type": 1, "contract_role": null, "description": "YES", "duration": "4.00"}}]